ID,Category
2011001.jpg,"Adventure, Drama, Fantasy"
2011002.jpg,"Action, Adventure, Sci-Fi"
2011003.jpg,"Adventure, Drama, Fantasy"
2011004.jpg,"Comedy, Mystery"
2011005.jpg,"Action, Adventure, Fantasy"
2011006.jpg,"Action, Crime, Thriller"
2011007.jpg,"Action, Adventure, Thriller"
2011008.jpg,"Animation, Adventure, Comedy"
2011009.jpg,"Action, Adventure, Crime"
2011010.jpg,"Action, Adventure, Fantasy"
2011011.jpg,"Action, Drama, Sci-Fi"
2011012.jpg,"Action, Adventure, Sci-Fi"
2011013.jpg,Drama
2011014.jpg,"Comedy, Romance"
2011015.jpg,"Animation, Action, Adventure"
2011016.jpg,"Animation, Action, Adventure"
2011017.jpg,"Action, Adventure, Sci-Fi"
2011018.jpg,"Animation, Adventure, Comedy"
2011019.jpg,"Animation, Adventure, Comedy"
2011020.jpg,"Animation, Adventure, Comedy"
2011021.jpg,"Mystery, Sci-Fi, Thriller"
2011022.jpg,"Animation, Adventure, Comedy"
2011023.jpg,"Comedy, Crime"
2011024.jpg,"Action, Adventure, Sci-Fi"
2011025.jpg,"Animation, Adventure, Comedy"
2011026.jpg,Horror
2011027.jpg,"Comedy, Romance"
2011028.jpg,"Crime, Drama, Mystery"
2011029.jpg,Comedy
2011030.jpg,"Action, Sci-Fi, Thriller"
2011031.jpg,"Animation, Comedy, Family"
2011032.jpg,"Action, Comedy, Crime"
2011033.jpg,"Adventure, Comedy, Family"
2011034.jpg,"Action, Drama, Family"
2011035.jpg,"Comedy, Drama, Romance"
2011036.jpg,"Action, Sci-Fi"
2011037.jpg,"Action, Drama, Fantasy"
2011038.jpg,"Comedy, Drama"
2011039.jpg,"Comedy, Family, Romance"
2011040.jpg,"Drama, War"
2011041.jpg,"Mystery, Sci-Fi, Thriller"
2011042.jpg,"Action, Comedy, Crime"
2011043.jpg,"Animation, Action, Adventure"
2011044.jpg,"Drama, Thriller"
2011045.jpg,"Comedy, Drama, Family"
2011046.jpg,"Biography, Drama, Sport"
2011047.jpg,Comedy
2011048.jpg,"Adventure, Drama, Family"
2011049.jpg,"Drama, Family"
2011050.jpg,"Comedy, Romance"
2011051.jpg,"Comedy, Family, Fantasy"
2011052.jpg,"Animation, Comedy, Family"
2011053.jpg,"Romance, Sci-Fi, Thriller"
2011054.jpg,"Action, Mystery, Thriller"
2011055.jpg,"Drama, Romance"
2011056.jpg,"Crime, Drama, Thriller"
2011057.jpg,"Comedy, Fantasy, Romance"
2011058.jpg,"Comedy, Romance"
2011059.jpg,"Action, Adventure, Sci-Fi"
2011060.jpg,"Mystery, Romance, Sci-Fi"
2011061.jpg,"Comedy, Romance"
2011062.jpg,"Comedy, Drama"
2011063.jpg,"Comedy, Family"
2011064.jpg,"Comedy, Drama, Music"
2011065.jpg,"Action, Fantasy, Thriller"
2011066.jpg,"Action, Adventure, Drama"
2011067.jpg,"Comedy, Drama"
2011068.jpg,"Animation, Adventure, Comedy"
2011069.jpg,"Comedy, Drama"
2011070.jpg,"Comedy, Romance"
2011071.jpg,"Comedy, Drama, Romance"
2011072.jpg,"Biography, Drama, Family"
2011073.jpg,Horror
2011074.jpg,Drama
2011075.jpg,"Action, Drama, Thriller"
2011076.jpg,"Comedy, Drama, Romance"
2011077.jpg,"Action, Adventure, Comedy"
2011078.jpg,"Horror, Mystery"
2011079.jpg,"Action, Comedy, Crime"
2011080.jpg,"Fantasy, Horror, Mystery"
2011081.jpg,"Action, Sci-Fi, Thriller"
2011082.jpg,"Adventure, Comedy, Sci-Fi"
2011083.jpg,"Biography, Crime, Drama"
2011084.jpg,"Drama, Horror, Thriller"
2011085.jpg,"Comedy, Drama"
2011086.jpg,"Action, Comedy, Crime"
2011087.jpg,"Comedy, Fantasy"
2011088.jpg,"Action, Crime, Drama"
2011089.jpg,"Action, Fantasy"
2011090.jpg,"Comedy, Drama, Romance"
2011091.jpg,"Crime, Drama"
2011092.jpg,"Adventure, Comedy"
2011093.jpg,"Comedy, Drama, Romance"
2011094.jpg,Drama
2011095.jpg,"Drama, Horror, Mystery"
2011096.jpg,"Comedy, Romance"
2011097.jpg,"Adventure, Drama, Mystery"
2011098.jpg,Comedy
2011099.jpg,"Biography, Drama"
2011100.jpg,"Action, Fantasy, Horror"
2011101.jpg,"Action, Crime, Thriller"
2011102.jpg,"Action, Mystery, Thriller"
2011103.jpg,"Drama, Fantasy, Romance"
2011104.jpg,"Animation, Adventure, Comedy"
2011105.jpg,"Action, Crime, Thriller"
2011106.jpg,"Action, Adventure, Fantasy"
2011107.jpg,"Comedy, Drama"
2011108.jpg,"Drama, Mystery, Thriller"
2011109.jpg,"Adventure, Comedy, Family"
2011110.jpg,"Adventure, Drama, Thriller"
2011111.jpg,"Adventure, Comedy, Fantasy"
2011112.jpg,"Action, Adventure, Horror"
2011113.jpg,"Animation, Adventure, Family"
2011114.jpg,"Drama, Mystery, Thriller"
2011115.jpg,"Action, Adventure, Fantasy"
2011116.jpg,"Action, Adventure, Romance"
2011117.jpg,"Action, Adventure, Drama"
2011118.jpg,"Action, Thriller"
2011119.jpg,"Horror, Thriller"
2011120.jpg,"Horror, Thriller"
2011121.jpg,"Comedy, Horror"
2011122.jpg,"Horror, Mystery, Sci-Fi"
2011123.jpg,"Horror, Mystery, Sci-Fi"
2011124.jpg,"Comedy, Drama"
2011125.jpg,"Comedy, Family"
2011126.jpg,"Biography, Drama"
2011127.jpg,"Comedy, Romance"
2011128.jpg,"Drama, Romance"
2011129.jpg,"Drama, Sport"
2011130.jpg,"Drama, Fantasy"
2011131.jpg,"Biography, Comedy, Drama"
2011132.jpg,"Comedy, Drama"
2011133.jpg,"Adventure, Drama, Horror"
2011134.jpg,"Drama, Romance"
2011135.jpg,"Action, Fantasy, Thriller"
2011136.jpg,"Action, Drama, Thriller"
2011137.jpg,"Comedy, Drama, Sport"
2011138.jpg,"Animation, Action, Comedy"
2011139.jpg,"Comedy, Drama"
2011140.jpg,"Comedy, Romance"
2011141.jpg,"Comedy, Crime, Drama"
2011142.jpg,"Comedy, Drama, Romance"
2011143.jpg,"Action, Adventure, Comedy"
2011144.jpg,"Comedy, Drama, Romance"
2011145.jpg,Comedy
2011146.jpg,"Drama, Mystery"
2011147.jpg,"Comedy, Drama, Romance"
2011148.jpg,Comedy
2011149.jpg,"Comedy, Drama"
2011150.jpg,"Biography, Drama, Romance"
2011151.jpg,"Comedy, Crime, Thriller"
2011152.jpg,Drama
2011153.jpg,"Biography, Drama, Thriller"
2011154.jpg,"Drama, Mystery, Sci-Fi"
2011155.jpg,"Drama, History, Thriller"
2011156.jpg,"Comedy, Drama"
2011157.jpg,"Comedy, Sport"
2011158.jpg,"Action, Crime, Thriller"
2011159.jpg,Drama
2011160.jpg,"Action, Crime, Thriller"
2011161.jpg,"Drama, Romance"
2011162.jpg,"Crime, Drama, Thriller"
2011163.jpg,"Adventure, Comedy, Drama"
2011164.jpg,Drama
2011165.jpg,"Comedy, Drama, Romance"
2011166.jpg,"Drama, Romance"
2011167.jpg,"Drama, Mystery, Thriller"
2011168.jpg,"Action, Adventure, Sci-Fi"
2011169.jpg,Comedy
2011170.jpg,"Comedy, Drama"
2011171.jpg,"Comedy, Drama"
2011172.jpg,"Crime, Drama, Thriller"
2011173.jpg,"Comedy, Romance"
2011174.jpg,"Drama, Romance"
2011175.jpg,"Crime, Drama, Mystery"
2011176.jpg,"Drama, Thriller"
2011177.jpg,"Comedy, Drama"
2011178.jpg,"Comedy, Crime, Drama"
2011179.jpg,"Drama, Romance"
2011180.jpg,"Adventure, Comedy, Western"
2011181.jpg,Drama
2011182.jpg,"Biography, Drama, Thriller"
2011183.jpg,Animation
2011184.jpg,"Drama, History"
2011185.jpg,"Drama, Romance, Sci-Fi"
2011186.jpg,"Comedy, Drama"
2011187.jpg,"Crime, Drama, Thriller"
2011188.jpg,"Biography, Crime, Drama"
2011189.jpg,"Drama, Romance"
2011190.jpg,"Biography, Drama, War"
2011191.jpg,"Comedy, Drama"
2011192.jpg,"Drama, War"
2011193.jpg,"Action, Comedy, Sci-Fi"
2011194.jpg,"Comedy, Drama, Romance"
2012001.jpg,"Action, Adventure, Sci-Fi"
2012002.jpg,"Action, Thriller"
2012003.jpg,"Adventure, Drama, Sci-Fi, Thriller"
2012004.jpg,"Adventure, Fantasy"
2012005.jpg,"Adventure, Drama, Fantasy, Romance"
2012006.jpg,"Adventure, Drama, Fantasy, Romance"
2012007.jpg,"Action, Adventure, Fantasy"
2012008.jpg,"Adventure, Animation, Comedy, Family, Fantasy"
2012009.jpg,"Comedy, Fantasy"
2012010.jpg,"Adventure, Animation, Comedy, Family"
2012011.jpg,"Adventure, Animation, Comedy, Family, Sci-Fi"
2012012.jpg,"Biography, Drama, History, War"
2012013.jpg,"Action, Adventure, Comedy, Family, Fantasy, Sci-Fi"
2012014.jpg,"Drama, Western"
2012015.jpg,"Adventure, Animation, Comedy, Family"
2012016.jpg,"Action, Adventure, Drama, Fantasy"
2012017.jpg,"Drama, Musical, Romance"
2012018.jpg,"Animation, Comedy, Family, Fantasy"
2012019.jpg,"Action, Comedy, Crime"
2012020.jpg,"Biography, Drama, History, Thriller"
2012021.jpg,"Comedy, Drama, Romance"
2012022.jpg,"Adventure, Mystery, Sci-Fi"
2012023.jpg,"Action, Crime, Mystery, Thriller"
2012024.jpg,"Drama, Romance"
2012025.jpg,"Adventure, Drama, Fantasy"
2012026.jpg,"Comedy, Drama"
2012027.jpg,"Action, Adventure, Thriller"
2012028.jpg,"Action, Adventure, Comedy, Family, Fantasy, Sci-Fi"
2012029.jpg,"Adventure, Animation, Family, Fantasy"
2012030.jpg,"Drama, History, Thriller"
2012031.jpg,"Drama, Thriller"
2012032.jpg,"Comedy, Romance"
2012033.jpg,Comedy
2012034.jpg,"Action, Adventure, Thriller"
2012035.jpg,"Action, Adventure, Fantasy"
2012036.jpg,"Action, Crime, Mystery, Thriller"
2012037.jpg,"Action, Crime, Mystery, Thriller"
2012038.jpg,"Comedy, Fantasy, Horror"
2012039.jpg,"Comedy, Family"
2012040.jpg,"Action, Adventure, Sci-Fi"
2012041.jpg,"Action, Adventure, Drama, Thriller, War"
2012042.jpg,Comedy
2012043.jpg,"Action, Crime, Drama, Thriller"
2012044.jpg,"Action, Crime, Drama, Sci-Fi, Thriller"
2012045.jpg,"Comedy, Crime, Drama"
2012046.jpg,"Action, Adventure, Sci-Fi, Thriller"
2012047.jpg,"Comedy, Music, Romance"
2012048.jpg,"Adventure, Comedy, Drama, Family, Fantasy"
2012049.jpg,"Drama, Sci-Fi, Thriller"
2012050.jpg,"Comedy, Drama, Romance"
2012051.jpg,"Action, Fantasy, Horror"
2012052.jpg,"Drama, Romance"
2012053.jpg,"Comedy, Romance"
2012054.jpg,Comedy
2012055.jpg,"Adventure, Animation, Comedy, Family, Fantasy"
2012056.jpg,"Action, Comedy, Romance"
2012057.jpg,"Comedy, Crime"
2012058.jpg,Horror
2012059.jpg,Horror
2012060.jpg,"Comedy, Drama, Family, Fantasy"
2012061.jpg,"Action, Adventure, Drama, History, War"
2012062.jpg,"Horror, Thriller"
2012063.jpg,"Horror, Thriller"
2012064.jpg,"Comedy, Family"
2012065.jpg,"Horror, Mystery"
2012066.jpg,"Crime, Drama, Thriller"
2012067.jpg,"Adventure, Comedy, Drama, Romance"
2012068.jpg,"Action, Comedy, Sport"
2012069.jpg,Comedy
2012070.jpg,"Fantasy, Horror, Mystery, Thriller"
2012071.jpg,"Comedy, Drama, Romance"
2012072.jpg,"Crime, Drama, Thriller"
2012073.jpg,"Comedy, Drama, Musical, Romance"
2012074.jpg,"Action, Fantasy, Horror"
2012075.jpg,"Comedy, Drama"
2012076.jpg,"Drama, Sport"
2012077.jpg,"Animation, Comedy, Family, Horror, Sci-Fi"
2012078.jpg,"Drama, Music, Romance"
2012079.jpg,"Comedy, Drama, Romance"
2012080.jpg,"Action, Comedy, Sci-Fi"
2012081.jpg,"Action, Comedy, Sci-Fi"
2012082.jpg,Documentary
2012083.jpg,"Comedy, Music"
2012084.jpg,"Comedy, Romance"
2012085.jpg,"Action, Comedy, Crime, Romance, Thriller"
2012086.jpg,"Action, Crime, Mystery, Thriller"
2012087.jpg,"Documentary, Music"
2012088.jpg,Drama
2012089.jpg,"Crime, Drama, Thriller"
2012090.jpg,"Action, Crime, Thriller"
2012091.jpg,"Biography, Drama, Romance"
2012092.jpg,"Action, Crime, Thriller"
2012093.jpg,"Comedy, Drama"
2012094.jpg,"Horror, Mystery, Sci-Fi, Thriller"
2012095.jpg,"Drama, Romance"
2012096.jpg,Comedy
2012097.jpg,"Action, Crime, Thriller"
2012098.jpg,"Comedy, Romance"
2012099.jpg,Drama
2012100.jpg,"Crime, Mystery, Thriller"
2012101.jpg,Action
2012102.jpg,"Crime, Thriller"
2012103.jpg,"Crime, Drama"
2012104.jpg,"Action, Comedy, Romance"
2012105.jpg,"Comedy, Romance, Sport"
2012106.jpg,"Drama, Fantasy"
2012107.jpg,Fantasy
2012108.jpg,"Drama, Mystery, Romance, Thriller"
2012109.jpg,"Action, Thriller"
2012110.jpg,"Adventure, Comedy"
2012111.jpg,"Drama, Thriller"
2012112.jpg,Drama
2012113.jpg,"Action, Horror, Thriller"
2012114.jpg,"Adventure, Comedy, Drama, Romance, Sci-Fi"
2012115.jpg,"Biography, Drama, Sport"
2012116.jpg,"Biography, Comedy, Drama, Romance"
2012117.jpg,"Comedy, Western"
2012118.jpg,Drama
2012119.jpg,"Horror, Thriller"
2012120.jpg,"Comedy, Drama, Romance"
2012121.jpg,"Comedy, Drama, Romance"
2012122.jpg,"Action, Thriller"
2012123.jpg,"Drama, Mystery, Sci-Fi"
2012124.jpg,"Comedy, Crime, Drama, Sci-Fi"
2012125.jpg,"Comedy, Drama, Romance"
2012126.jpg,"Drama, Music"
2012127.jpg,"Biography, Crime, Drama"
2012128.jpg,Comedy
2012129.jpg,"Drama, Fantasy, Horror, Thriller"
2012130.jpg,"Adventure, Family, Fantasy, Musical"
2013001.jpg,"Action, Adventure, Mystery"
2013002.jpg,"Action, Adventure, Sci-Fi"
2013003.jpg,"Animation, Adventure, Comedy"
2013004.jpg,"Animation, Adventure, Comedy"
2013005.jpg,"Action, Adventure, Fantasy"
2013006.jpg,"Adventure, Drama, Sci-Fi"
2013007.jpg,"Animation, Adventure, Comedy"
2013008.jpg,"Adventure, Fantasy"
2013009.jpg,"Action, Crime, Thriller"
2013010.jpg,"Adventure, Family, Fantasy"
2013011.jpg,"Action, Adventure, Sci-Fi"
2013012.jpg,"Action, Adventure, Fantasy"
2013013.jpg,"Action, Adventure, Horror"
2013014.jpg,"Animation, Adventure, Comedy"
2013015.jpg,"Action, Comedy, Crime"
2013016.jpg,"Comedy, Crime"
2013017.jpg,"Crime, Drama"
2013018.jpg,"Drama, Romance"
2013019.jpg,"Horror, Mystery, Thriller"
2013020.jpg,"Comedy, Crime"
2013021.jpg,Comedy
2013022.jpg,"Action, Adventure, Sci-Fi"
2013023.jpg,"Action, Biography, Drama"
2013024.jpg,"Action, Adventure, Sci-Fi"
2013025.jpg,"Animation, Adventure, Comedy"
2013026.jpg,"Crime, Mystery, Thriller"
2013027.jpg,"Biography, Comedy, Crime"
2013028.jpg,"Biography, Drama"
2013029.jpg,"Comedy, Crime"
2013030.jpg,"Animation, Adventure, Family"
2013031.jpg,"Biography, Drama, Thriller"
2013032.jpg,Comedy
2013033.jpg,"Action, Adventure, Sci-Fi"
2013034.jpg,"Comedy, Fantasy"
2013035.jpg,"Action, Thriller"
2013036.jpg,"Biography, Drama, Sport"
2013037.jpg,"Action, Drama, Sci-Fi"
2013038.jpg,"Animation, Adventure, Comedy"
2013039.jpg,"Action, Adventure, Western"
2013040.jpg,"Action, Adventure, Mystery"
2013041.jpg,"Horror, Thriller"
2013042.jpg,"Biography, Comedy, Drama"
2013043.jpg,"Animation, Adventure, Comedy"
2013044.jpg,"Action, Comedy, Crime"
2013045.jpg,"Action, Drama, Thriller"
2013046.jpg,"Drama, Romance, Thriller"
2013047.jpg,"Animation, Adventure, Comedy"
2013048.jpg,"Comedy, Drama"
2013049.jpg,"Adventure, Family, Fantasy"
2013050.jpg,"Action, Thriller"
2013051.jpg,"Comedy, Horror, Romance"
2013052.jpg,"Adventure, Fantasy"
2013053.jpg,"Horror, Sci-Fi, Thriller"
2013054.jpg,Comedy
2013055.jpg,"Action, Sci-Fi"
2013056.jpg,"Crime, Drama, Mystery"
2013057.jpg,"Action, Adventure, Sci-Fi"
2013058.jpg,"Adventure, Comedy, Drama"
2013059.jpg,"Animation, Adventure, Comedy"
2013060.jpg,"Biography, Drama, History"
2013061.jpg,"Animation, Adventure, Comedy"
2013062.jpg,"Action, Fantasy, Horror"
2013063.jpg,Horror
2013064.jpg,"Action, Comedy, Crime"
2013065.jpg,"Comedy, Drama"
2013066.jpg,"Drama, Thriller"
2013067.jpg,"Crime, Thriller"
2013068.jpg,"Comedy, Crime, Drama"
2013069.jpg,"Action, Crime, Drama"
2013070.jpg,Comedy
2013071.jpg,"Action, Drama, Thriller"
2013072.jpg,"Action, Sci-Fi, Thriller"
2013073.jpg,"Comedy, Fantasy"
2013074.jpg,"Action, Adventure, Drama"
2013075.jpg,Drama
2013076.jpg,"Biography, Drama"
2013077.jpg,"Comedy, Crime, Thriller"
2013078.jpg,"Animation, Adventure, Family"
2013079.jpg,"Drama, Horror"
2013080.jpg,"Horror, Thriller"
2013081.jpg,"Action, Comedy, Fantasy"
2013082.jpg,Drama
2013083.jpg,"Crime, Drama, Thriller"
2013084.jpg,Comedy
2013085.jpg,"Fantasy, Horror, Mystery"
2013086.jpg,"Comedy, Drama"
2013087.jpg,"Comedy, Sport"
2013088.jpg,"Action, Comedy, Crime"
2013089.jpg,"Horror, Mystery"
2013090.jpg,"Biography, Drama"
2013091.jpg,"Action, Biography, Drama"
2013092.jpg,"Action, Adventure, Romance"
2013093.jpg,"Action, Comedy, Sci-Fi"
2013094.jpg,Comedy
2013095.jpg,"Drama, Romance, Sci-Fi"
2013096.jpg,"Action, Crime, Mystery"
2013097.jpg,"Comedy, Drama, Romance"
2013098.jpg,Comedy
2013099.jpg,Comedy
2013100.jpg,Comedy
2013101.jpg,"Comedy, Drama"
2013102.jpg,"Drama, War"
2013103.jpg,"Action, Crime, Drama"
2013104.jpg,"Crime, Drama, Thriller"
2013105.jpg,"Drama, Fantasy, Romance"
2013106.jpg,"Crime, Thriller"
2013107.jpg,"Comedy, Drama, Romance"
2013108.jpg,"Adventure, Comedy, Drama"
2013109.jpg,"Action, Crime, Romance"
2013110.jpg,"Comedy, Drama, Romance"
2013111.jpg,"Horror, Sci-Fi, Thriller"
2013112.jpg,"Crime, Drama, Thriller"
2013113.jpg,"Drama, Music"
2013114.jpg,"Biography, Drama"
2013115.jpg,"Biography, Drama, Romance"
2013116.jpg,"Drama, Horror, Thriller"
2013117.jpg,"Drama, Romance"
2013118.jpg,"Drama, Music"
2013119.jpg,"Action, Crime, Thriller"
2013120.jpg,"Crime, Drama, Thriller"
2013121.jpg,"Action, Crime, Drama"
2013122.jpg,"Action, Crime, Thriller"
2013123.jpg,"Comedy, Romance"
2013124.jpg,"Drama, Music"
2013125.jpg,"Comedy, Romance"
2013126.jpg,"Animation, Adventure, Family"
2013127.jpg,"Drama, Romance"
2013128.jpg,"Comedy, Drama"
2013129.jpg,"Drama, Thriller"
2013130.jpg,"Action, Crime, Sci-Fi"
2013131.jpg,"Adventure, Horror"
2013132.jpg,"Drama, Family, Music"
2013133.jpg,"Comedy, Drama, Romance"
2013134.jpg,"Action, Adventure, Drama"
2013135.jpg,"Biography, Crime, Drama"
2013136.jpg,"Crime, Drama, Mystery"
2013137.jpg,"Action, Drama, Sci-Fi"
2013138.jpg,"Drama, Romance"
2013139.jpg,Comedy
2013140.jpg,"Comedy, Romance"
2013141.jpg,Music
2013142.jpg,"Biography, Drama, Thriller"
2013143.jpg,Comedy
2013144.jpg,"Drama, Sport"
2013145.jpg,"Drama, Horror, Sci-Fi"
2013146.jpg,"Drama, Music"
2013147.jpg,"Drama, Romance"
2013148.jpg,"Crime, Drama, Mystery"
2013149.jpg,"Adventure, Crime, Drama"
2013150.jpg,"Drama, Family"
2013151.jpg,Comedy
2013152.jpg,"Comedy, Drama, Romance"
2013153.jpg,"Comedy, Romance"
2013154.jpg,"Action, Drama, Thriller"
2013155.jpg,Documentary
2013156.jpg,"Drama, Romance"
2013157.jpg,"Comedy, Drama, Horror"
2013158.jpg,"Drama, Thriller"
2013159.jpg,Drama
2013160.jpg,Drama
2013161.jpg,"Drama, Romance"
2013162.jpg,"Adventure, Comedy, Drama"
2013163.jpg,"Drama, Horror, Thriller"
2013164.jpg,"Biography, Drama, Romance"
2013165.jpg,"Drama, Romance"
2013166.jpg,Drama
2014001.jpg,"Action, Biography, Drama"
2014002.jpg,"Adventure, Sci-Fi, Thriller"
2014003.jpg,"Action, Adventure, Sci-Fi"
2014004.jpg,"Action, Adventure, Sci-Fi"
2014005.jpg,"Animation, Action, Adventure"
2014006.jpg,"Adventure, Fantasy"
2014007.jpg,"Action, Adventure, Sci-Fi"
2014008.jpg,"Action, Adventure, Family"
2014009.jpg,"Action, Adventure, Sci-Fi"
2014010.jpg,"Animation, Action, Adventure"
2014011.jpg,"Action, Adventure, Drama"
2014012.jpg,"Action, Adventure, Sci-Fi"
2014013.jpg,"Action, Adventure, Sci-Fi"
2014014.jpg,"Action, Comedy, Crime"
2014015.jpg,"Action, Adventure, Comedy"
2014016.jpg,"Adventure, Drama, Sci-Fi"
2014017.jpg,"Animation, Action, Adventure"
2014018.jpg,"Crime, Drama, Mystery"
2014019.jpg,"Adventure, Mystery, Sci-Fi"
2014020.jpg,Comedy
2014021.jpg,"Action, Comedy, Crime"
2014022.jpg,"Animation, Adventure, Comedy"
2014023.jpg,"Action, Adventure, Comedy"
2014024.jpg,"Adventure, Comedy, Drama"
2014025.jpg,"Action, Sci-Fi, Thriller"
2014026.jpg,"Drama, Romance"
2014027.jpg,"Biography, Drama, Sport"
2014028.jpg,"Adventure, Comedy, Family"
2014029.jpg,"Animation, Adventure, Comedy"
2014030.jpg,"Action, Drama, Fantasy"
2014031.jpg,"Action, Mystery, Sci-Fi"
2014032.jpg,"Action, Crime, Thriller"
2014033.jpg,"Action, Adventure, Drama"
2014034.jpg,"Action, Adventure, Sci-Fi"
2014035.jpg,"Biography, Drama, Family"
2014036.jpg,"Action, Mystery, Thriller"
2014037.jpg,"Biography, Drama, Thriller"
2014038.jpg,"Action, Thriller"
2014039.jpg,Comedy
2014040.jpg,"Comedy, Drama, Family"
2014041.jpg,"Action, Drama, War"
2014042.jpg,"Comedy, Romance"
2014043.jpg,"Horror, Mystery, Thriller"
2014044.jpg,"Comedy, Romance"
2014045.jpg,"Animation, Adventure, Comedy"
2014046.jpg,Comedy
2014047.jpg,"Drama, War"
2014048.jpg,"Comedy, Family, Fantasy"
2014049.jpg,"Action, Adventure"
2014050.jpg,"Action, Horror, Sci-Fi"
2014051.jpg,"Comedy, Family"
2014052.jpg,"Comedy, Romance"
2014053.jpg,"Action, Adventure, Drama"
2014054.jpg,"Animation, Adventure, Comedy"
2014055.jpg,Drama
2014056.jpg,"Biography, Drama, History"
2014057.jpg,"Animation, Adventure, Comedy"
2014058.jpg,"Adventure, Comedy, Drama"
2014059.jpg,"Action, Crime, Sci-Fi"
2014060.jpg,"Action, Drama, Fantasy"
2014061.jpg,"Comedy, Crime"
2014062.jpg,"Comedy, Drama"
2014063.jpg,"Crime, Thriller"
2014064.jpg,"Biography, Drama, History"
2014065.jpg,"Adventure, Comedy, Crime"
2014066.jpg,"Horror, Thriller"
2014067.jpg,"Animation, Adventure, Comedy"
2014068.jpg,"Action, Drama, Thriller"
2014069.jpg,"Drama, Fantasy, Music"
2014070.jpg,"Animation, Adventure, Comedy"
2014071.jpg,"Comedy, Romance"
2014072.jpg,"Action, Thriller"
2014073.jpg,"Crime, Drama"
2014074.jpg,"Biography, Drama, Music"
2014075.jpg,"Comedy, Romance"
2014076.jpg,"Drama, Romance, Sci-Fi"
2014077.jpg,"Comedy, Drama"
2014078.jpg,"Action, Crime, Drama"
2014079.jpg,"Action, Crime, Thriller"
2014080.jpg,"Comedy, Romance, Western"
2014081.jpg,"Comedy, Drama, Romance"
2014082.jpg,"Drama, Family"
2014083.jpg,"Action, Adventure, Thriller"
2014084.jpg,"Adventure, Family, Sci-Fi"
2014085.jpg,"Comedy, Romance"
2014086.jpg,"Adventure, Biography, Drama"
2014087.jpg,"Biography, Drama, Sport"
2014088.jpg,"Biography, Drama, Romance"
2014089.jpg,"Comedy, Drama"
2014090.jpg,"Crime, Drama, Thriller"
2014091.jpg,"Horror, Thriller"
2014092.jpg,"Crime, Drama, Thriller"
2014093.jpg,Horror
2014094.jpg,"Comedy, Drama"
2014095.jpg,"Action, Drama, Thriller"
2014096.jpg,"Horror, Mystery, Thriller"
2014097.jpg,"Biography, Drama, Music"
2014098.jpg,"Drama, Family, Sport"
2014099.jpg,"Drama, Sport"
2014100.jpg,"Drama, Romance"
2014101.jpg,"Drama, Horror, Thriller"
2014102.jpg,"Comedy, Romance"
2014103.jpg,"Crime, Drama, Mystery"
2014104.jpg,Drama
2014105.jpg,"Comedy, Romance"
2014106.jpg,"Action, Crime, Thriller"
2014107.jpg,"Drama, Romance"
2014108.jpg,"Action, Adventure, Drama"
2014109.jpg,"Drama, Mystery, Romance"
2014110.jpg,Drama
2014111.jpg,"Horror, Mystery, Thriller"
2014112.jpg,"Action, Crime, Sci-Fi"
2014113.jpg,"Action, Fantasy, Sci-Fi"
2014114.jpg,"Action, Adventure, Fantasy"
2014115.jpg,Drama
2014116.jpg,"Drama, Thriller"
2014117.jpg,"Comedy, Fantasy"
2014118.jpg,"Crime, Drama, Thriller"
2014119.jpg,"Action, Adventure, Fantasy"
2014120.jpg,"Comedy, Drama"
2014121.jpg,"Horror, Mystery"
2014122.jpg,"Comedy, Drama, Romance"
2014123.jpg,"Drama, Music, Romance"
2014124.jpg,"Horror, Mystery"
2014125.jpg,"Drama, Music, Romance"
2014126.jpg,"Biography, Crime, Drama"
2014127.jpg,"Action, Drama, Fantasy"
2014128.jpg,"Action, Crime, Thriller"
2014129.jpg,"Drama, Music"
2014130.jpg,"Biography, Drama, Music"
2014131.jpg,"Biography, Drama, Sport"
2014132.jpg,"Crime, Drama, Mystery"
2014133.jpg,"Comedy, Drama, Romance"
2014134.jpg,"Comedy, Romance"
2014135.jpg,"Action, Crime, Drama"
2014136.jpg,Comedy
2014137.jpg,Horror
2014138.jpg,"Comedy, Crime, Drama"
2014139.jpg,"Action, Comedy, Fantasy"
2014140.jpg,"Comedy, Drama, Mystery"
2014141.jpg,"Biography, Comedy, Drama"
2014142.jpg,Comedy
2014143.jpg,"Mystery, Romance, Thriller"
2014144.jpg,"Action, Crime, Drama"
2014145.jpg,"Biography, Drama"
2014146.jpg,"Comedy, Drama, Romance"
2014147.jpg,"Comedy, Drama"
2014148.jpg,"Drama, War"
2014149.jpg,"Comedy, Drama, Romance"
2014150.jpg,"Biography, Drama, History"
2014151.jpg,Drama
2014152.jpg,"Comedy, Drama"
2014153.jpg,Drama
2014154.jpg,"Comedy, Drama, Romance"
2014155.jpg,"Comedy, Fantasy, Horror"
2014156.jpg,"Crime, Drama, Mystery"
2014157.jpg,"Comedy, Drama"
2014158.jpg,"Biography, Drama"
2014159.jpg,"Comedy, Drama, Thriller"
2014160.jpg,"Drama, Mystery, Thriller"
2014161.jpg,"Comedy, Drama"
2014162.jpg,Comedy
2014163.jpg,"Drama, Music"
2014164.jpg,"Comedy, Family"
2014165.jpg,"Action, Adventure, Horror"
2014166.jpg,Drama
2014167.jpg,"Action, Crime, Thriller"
2014168.jpg,"Adventure, Biography, War"
2014169.jpg,"Action, Adventure, Comedy"
2014170.jpg,"Action, Comedy, Romance"
2014171.jpg,"Biography, Crime, Drama"
2014172.jpg,"Biography, Drama, Sport"
2014173.jpg,"Drama, Western"
2014174.jpg,"Drama, Romance, War"
2014175.jpg,"Drama, Romance"
2014176.jpg,"Comedy, Drama, Romance"
2014177.jpg,"Drama, Romance"
2014178.jpg,Drama
2014179.jpg,"Biography, Drama, History"
2014180.jpg,"Comedy, Drama, Horror"
2014181.jpg,Drama
2014182.jpg,Drama
2014183.jpg,"Action, Drama, Mystery"
2014184.jpg,"Comedy, Drama, Romance"
2014185.jpg,Drama
2014186.jpg,Drama
2014187.jpg,"Action, Drama, Thriller"
2014188.jpg,"Action, Drama"
2014189.jpg,"Horror, Thriller"
2014190.jpg,"Adventure, Thriller"
2014191.jpg,"Mystery, Thriller"
2014192.jpg,"Adventure, Comedy, Drama"
2014193.jpg,"Crime, Drama"
2014194.jpg,"Drama, Family"
2014195.jpg,Drama
2014196.jpg,Drama
2014197.jpg,Drama
2014198.jpg,"Comedy, Romance"
2014199.jpg,"Drama, Music, Romance"
2014200.jpg,Drama
2015001.jpg,"Action, Adventure, Fantasy"
2015002.jpg,"Action, Adventure, Sci-Fi"
2015003.jpg,"Action, Adventure, Sci-Fi"
2015004.jpg,"Animation, Adventure, Comedy"
2015005.jpg,"Action, Crime, Thriller"
2015006.jpg,"Animation, Action, Adventure"
2015007.jpg,"Action, Adventure, Sci-Fi"
2015008.jpg,"Adventure, Drama, Sci-Fi"
2015009.jpg,"Drama, Family, Fantasy"
2015010.jpg,"Action, Adventure, Thriller"
2015011.jpg,"Action, Adventure, Thriller"
2015012.jpg,"Adventure, Drama, Thriller"
2015013.jpg,"Comedy, Music"
2015014.jpg,"Action, Adventure, Comedy"
2015015.jpg,"Animation, Adventure, Comedy"
2015016.jpg,"Animation, Comedy, Family"
2015017.jpg,"Drama, Romance, Thriller"
2015018.jpg,"Animation, Adventure, Comedy"
2015019.jpg,"Biography, Crime, Drama"
2015020.jpg,"Action, Adventure, Drama"
2015021.jpg,"Action, Adventure, Sci-Fi"
2015022.jpg,"Comedy, Family"
2015023.jpg,"Animation, Adventure, Comedy"
2015024.jpg,"Adventure, Sci-Fi, Thriller"
2015025.jpg,"Animation, Adventure, Comedy"
2015026.jpg,"Action, Comedy, Crime"
2015027.jpg,"Comedy, Drama, Romance"
2015028.jpg,"Drama, Sport"
2015029.jpg,"Action, Adventure, Family"
2015030.jpg,"Comedy, Crime"
2015031.jpg,"Action, Adventure, Sci-Fi"
2015032.jpg,Comedy
2015033.jpg,"Animation, Adventure, Comedy"
2015034.jpg,"Action, Sci-Fi, Thriller"
2015035.jpg,Comedy
2015036.jpg,"Adventure, Comedy, Family"
2015037.jpg,"Animation, Action, Comedy"
2015038.jpg,"Comedy, Drama"
2015039.jpg,"Drama, History, Thriller"
2015040.jpg,"Action, Comedy, Crime"
2015041.jpg,"Biography, Comedy, Drama"
2015042.jpg,Drama
2015043.jpg,"Comedy, Drama, Music"
2015044.jpg,"Horror, Thriller"
2015045.jpg,Comedy
2015046.jpg,"Biography, Crime, Drama"
2015047.jpg,"Adventure, Comedy"
2015048.jpg,"Drama, Thriller"
2015049.jpg,Drama
2015050.jpg,"Action, Adventure, Sci-Fi"
2015051.jpg,"Crime, Drama, Mystery"
2015052.jpg,"Comedy, Crime, Drama"
2015053.jpg,"Drama, Sport"
2015054.jpg,"Horror, Thriller"
2015055.jpg,"Horror, Thriller"
2015056.jpg,"Action, Adventure, Sci-Fi"
2015057.jpg,"Action, Crime, Drama"
2015058.jpg,"Action, Adventure, Comedy"
2015059.jpg,"Biography, Crime, Drama"
2015060.jpg,"Biography, Drama, Sport"
2015061.jpg,"Mystery, Thriller"
2015062.jpg,"Adventure, Biography, Drama"
2015063.jpg,Comedy
2015064.jpg,"Adventure, Family"
2015065.jpg,"Comedy, Fantasy, Horror"
2015066.jpg,"Drama, Fantasy, Romance"
2015067.jpg,"Drama, Romance"
2015068.jpg,"Drama, Romance"
2015069.jpg,"Mystery, Thriller"
2015070.jpg,"Adventure, Family, Fantasy"
2015071.jpg,"Biography, Drama, Sport"
2015072.jpg,"Action, Comedy, Crime"
2015073.jpg,Comedy
2015074.jpg,"Biography, Drama, History"
2015075.jpg,"Comedy, Drama"
2015076.jpg,Comedy
2015077.jpg,"Drama, Mystery, Romance"
2015078.jpg,"Action, Crime, Drama"
2015079.jpg,"Drama, Fantasy, Horror"
2015080.jpg,"Adventure, Biography, Comedy"
2015081.jpg,"Action, Crime, Sport"
2015082.jpg,"Horror, Mystery, Thriller"
2015083.jpg,"Action, Adventure, Fantasy"
2015084.jpg,"Action, Thriller"
2015085.jpg,"Comedy, Drama, Music"
2015086.jpg,"Action, Crime, Drama"
2015087.jpg,Comedy
2015088.jpg,"Horror, Mystery, Sci-Fi"
2015089.jpg,"Drama, Mystery, Sci-Fi"
2015090.jpg,"Horror, Mystery"
2015091.jpg,"Action, Adventure, Biography"
2015092.jpg,"Horror, Thriller"
2015093.jpg,"Action, Crime, Thriller"
2015094.jpg,"Sci-Fi, Thriller"
2015095.jpg,"Comedy, Drama, Romance"
2015096.jpg,"Animation, Adventure, Comedy"
2015097.jpg,"Drama, Thriller, War"
2015098.jpg,Horror
2015099.jpg,"Biography, Drama"
2015100.jpg,"Drama, Mystery"
2015101.jpg,"Comedy, Crime, Drama"
2015102.jpg,"Action, Crime, Thriller"
2015103.jpg,Drama
2015104.jpg,"Comedy, Drama, Romance"
2015105.jpg,"Action, Comedy, Sci-Fi"
2015106.jpg,"Drama, Sport"
2015107.jpg,"Comedy, Drama"
2015108.jpg,Drama
2015109.jpg,"Biography, Drama, Romance"
2015110.jpg,"Animation, Adventure, Comedy"
2015111.jpg,"Comedy, Sci-Fi"
2015112.jpg,"Action, Mystery, Sci-Fi"
2015113.jpg,"Drama, Romance"
2015114.jpg,"Biography, Drama, History"
2015115.jpg,"Action, Crime, Drama"
2015116.jpg,Comedy
2015117.jpg,"Adventure, Biography, Drama"
2015118.jpg,"Biography, Comedy, Drama"
2015119.jpg,"Action, Adventure, Sci-Fi"
2015120.jpg,"Animation, Adventure, Comedy"
2015121.jpg,"Comedy, Drama, Romance"
2015122.jpg,"Action, Comedy, Drama"
2015123.jpg,"Action, Comedy, Crime"
2015124.jpg,"Comedy, Drama, Romance"
2015125.jpg,"Animation, Action, Adventure"
2015126.jpg,"Action, Crime, Drama"
2015127.jpg,"Comedy, Drama"
2015128.jpg,"Comedy, Drama"
2015129.jpg,"Comedy, Drama"
2015130.jpg,"Action, Adventure, Drama"
2015131.jpg,"Drama, History, Romance"
2015132.jpg,"Drama, War"
2015133.jpg,"Drama, Horror, Sci-Fi"
2015134.jpg,"Comedy, Drama, Music"
2015135.jpg,"Action, Comedy, Crime"
2015136.jpg,"Crime, Drama, Mystery"
2015137.jpg,Drama
2015138.jpg,"Biography, Drama, History"
2015139.jpg,"Action, Drama, Musical"
2015140.jpg,"Comedy, Drama, Romance"
2015141.jpg,"Drama, Romance"
2015142.jpg,"Comedy, Drama"
2015143.jpg,"Biography, Drama"
2015144.jpg,"Action, Comedy, Horror"
2015145.jpg,Drama
2015146.jpg,Comedy
2015147.jpg,"Drama, Music, Romance"
2015148.jpg,"Animation, Comedy, Drama"
2015149.jpg,"Comedy, Drama, Romance"
2015150.jpg,"Crime, Horror, Thriller"
2015151.jpg,Comedy
2015152.jpg,"Comedy, Drama"
2015153.jpg,"Biography, Drama"
2015154.jpg,"Comedy, Music, War"
2015155.jpg,"Comedy, Drama, Music"
2015156.jpg,"Comedy, Crime, Drama"
2015157.jpg,"Biography, Drama, Music"
2015158.jpg,"Crime, Drama, Thriller"
2015159.jpg,"Biography, Drama"
2015160.jpg,Comedy
2015161.jpg,"Biography, Drama, Sport"
2015162.jpg,"Action, Biography, Drama"
2015163.jpg,"Adventure, Drama, Fantasy"
2015164.jpg,"Crime, Drama, Thriller"
2015165.jpg,"Comedy, Drama, Romance"
2015166.jpg,"Drama, History, Thriller"
2015167.jpg,"Biography, Crime, Drama"
2015168.jpg,"Drama, Thriller"
2015169.jpg,Drama
2015170.jpg,Drama
2015171.jpg,"Drama, Thriller, War"
2015172.jpg,"Horror, Thriller"
2015173.jpg,"Biography, Drama, Music"
2015174.jpg,"Drama, Romance"
2015175.jpg,"Action, Drama"
2015176.jpg,"Action, Comedy, Crime"
2015177.jpg,"Animation, Adventure, Drama"
2015178.jpg,"Adventure, Drama"
2015179.jpg,"Action, Adventure, Comedy"
2015180.jpg,Comedy
2015181.jpg,"Action, Drama"
2015182.jpg,"Crime, Drama, Thriller"
2015183.jpg,"Comedy, Drama, Romance"
2015184.jpg,"Action, Comedy, Sci-Fi"
2015185.jpg,"Comedy, Drama"
2015186.jpg,"Biography, Drama"
2015187.jpg,"Comedy, Mystery"
2015188.jpg,"Action, Comedy, Crime"